RollNo,Name ,M1,M2,M3,M4
2,Clio,5,28,97,96
3,Shellie,51,25,89,94
4,Liberty,55,52,87,50
5,Zane,17,45,6,35
6,Tiger,68,4,75,98
7,Brynne,40,78,2,35
1,Gloria,82,42,83,13
8,Burton,74,97,69,25
9,Troy,65,87,45,38
10,Ifeoma,9,95,23,29
11,Joseph,17,30,100,95
12,Jesse,93,96,10,66
13,Hedley,65,55,56,41
14,Stewart,84,27,95,61
15,Keane,35,78,59,32
16,Adam,70,56,3,43
17,Caleb,86,67,9,27
18,Genevieve,31,3,27,52
19,Kieran,18,21,41,16
20,Charde,89,100,69,18
21,Joseph,27,11,45,77
22,Molly,72,65,92,24
23,Blossom,52,84,51,32
24,Samantha,65,61,76,29
25,TaShya,33,75,27,94
26,Maia,74,24,18,64
27,Hayden,15,75,27,59
28,Leo,86,42,6,38
29,Kirsten,100,26,76,96
30,Yoko,20,88,1,43
31,Ava,97,47,53,50
32,Brock,100,44,29,40
33,Vielka,22,89,16,92
34,Ryder,88,86,23,68
35,Quin,10,72,95,58
36,Wyoming,97,95,6,68
37,Igor,97,95,86,60
38,Timothy,28,59,22,48
39,Griffin,8,96,90,87
40,Petra,23,34,67,54
41,Nehru,72,47,19,92
42,Troy,95,66,18,75
43,Rose,79,95,78,77
44,Bruce,27,44,39,48
45,Paula,67,2,60,48
46,Hyatt,39,10,53,38
47,Lacota,45,80,98,87
48,Stephanie,61,69,70,82
49,Reuben,43,18,76,38
50,Caesar,14,6,97,20
51,Kirk,89,13,8,84
52,Vernon,3,46,7,38
53,Elvis,91,78,85,3
54,Faith,86,95,57,82
55,Troy,40,36,57,48
56,Reagan,17,83,62,50
57,Lucius,18,98,91,53
58,Jacob,33,1,26,18
59,Leslie,73,34,25,90
60,Shay,74,35,18,9
61,Alisa,91,25,16,45
62,Winifred,1,90,5,57
63,Timothy,41,10,28,50
64,Maris,32,100,59,13
65,Sylvia,11,43,23,97
66,Ava,46,99,28,13
67,Keely,14,57,94,67
68,Jared,34,50,96,28
69,Axel,5,66,11,90
70,Jelani,74,4,15,79
71,Madeson,33,8,47,19
72,Solomon,92,85,68,62
73,Elijah,28,91,57,27
74,Lysandra,31,70,100,10
75,Uriah,1,54,55,54
76,Jared,50,67,4,88
77,Kalia,35,67,7,51
78,Kameko,36,83,5,19
79,Daphne,46,35,35,88
80,Anthony,15,29,51,28
81,George,85,45,34,67
82,Doris,82,77,49,31
83,Hector,16,84,97,45
84,Wayne,24,2,62,89
85,Jasper,29,6,9,79
86,Germane,4,40,27,94
87,Mohammad,11,21,82,51
88,Cruz,30,18,23,28
89,Garrison,12,31,88,67
90,Carissa,16,44,13,92
91,Urielle,19,90,42,54
92,India,85,71,28,37
93,Otto,86,3,20,100
94,Adara,97,53,48,92
95,Thaddeus,62,44,21,34
96,Marny,21,97,18,10
97,Urielle,97,11,69,48
98,Kylie,32,36,86,5
99,Iola,66,35,93,69
100,Callum,36,44,30,99
101,Colt,65,38,59,99
102,Ryan,3,57,86,62
103,Jenna,16,38,87,83
104,Noel,19,6,18,68
105,Colt,65,84,18,58
106,Echo,27,25,85,51
107,Nichole,65,35,73,51
108,Cooper,25,18,60,22
109,Jin,44,26,50,1
110,Davis,82,6,11,27
111,Basia,38,42,78,17
112,Hedwig,81,25,7,92
113,Ignatius,71,58,100,42
114,Chava,19,8,95,8
115,Glenna,12,70,28,86
116,Julie,66,84,13,75
117,Ezekiel,59,54,18,20
118,Drake,8,47,4,22
119,Mohammad,9,64,12,11
120,Howard,1,6,62,63
121,Jason,71,94,32,52
122,Clio,27,75,93,18
123,Philip,3,26,33,42
124,Fulton,12,63,38,31
125,Gil,26,77,6,42
126,Xantha,47,54,10,38
127,Phyllis,100,41,57,52
128,Vera,78,85,52,66
129,Yuri,11,20,72,56
130,Curran,62,18,7,17
131,Daniel,100,99,27,58
132,Fatima,67,43,20,10
133,Kadeem,32,36,32,82
134,Oscar,43,57,7,1
135,Brynne,98,80,93,90
136,Susan,14,12,44,46
137,Hop,14,22,87,43
138,Shellie,79,34,85,40
139,Destiny,90,30,44,25
140,Devin,29,1,87,52
141,Ciara,85,39,31,33
142,Valentine,88,81,77,19
143,Elaine,23,62,42,40
144,Jack,11,33,10,34
145,Malachi,81,62,90,65
146,Whilemina,65,56,74,27
147,Briar,45,91,70,94
148,MacKenzie,82,87,55,16
149,Minerva,14,100,42,83
150,Morgan,17,52,27,65
151,Dacey,97,64,56,97
152,Ashton,45,97,69,23
153,Perry,21,57,19,43
154,Iliana,73,97,39,86
155,Jonah,23,41,48,46
156,Burke,81,47,40,11
157,Dante,79,50,2,58
158,Melvin,5,81,1,33
159,Cheyenne,76,52,30,38
160,Jade,58,36,44,97
161,Emi,51,80,95,19
162,Ignatius,39,59,69,57
163,Wylie,37,15,21,23
164,Palmer,93,53,79,73
165,Marshall,67,40,96,26
166,Orli,65,7,30,31
167,Josiah,99,81,12,54
168,Maia,73,61,63,44
169,Phyllis,8,93,5,69
170,Avram,49,18,71,17
171,Denton,55,64,44,78
172,Hall,97,23,57,39
173,Teegan,58,92,11,20
174,Stewart,64,90,48,4
175,Hedwig,71,54,23,18
176,Selma,68,58,62,42
177,Nomlanga,58,88,80,25
178,John,62,44,66,77
179,Julian,58,83,44,69
180,Elijah,62,24,16,77
181,Gillian,98,62,16,43
182,Lysandra,70,66,35,6
183,Dorian,44,20,3,26
184,Dennis,44,2,59,29
185,Jerome,10,6,16,36
186,Cain,54,88,86,12
187,George,68,93,40,21
188,Emma,14,100,24,29
189,Leroy,26,25,97,86
190,Cecilia,18,59,99,55
191,Zelda,78,92,19,82
192,Carter,13,3,71,62
193,Hector,3,46,94,91
194,Hashim,40,94,29,95
195,Melanie,14,98,9,28
196,Walker,24,82,49,100
197,Xenos,12,20,67,6
198,Kermit,12,94,63,86
199,Honorato,86,59,91,79
200,Craig,63,72,33,39